card_id,label,mulberry_file
card_0000,a,A.svg
card_1094,above,above.svg
card_0276,acorn,acorn.svg
card_1102,across,across.svg
card_1108,add,add.svg
card_1117,advent calendar,Advent_calendar.svg
card_0277,aeroplane,aeroplane.svg
card_0278,afraid,afraid_lady.svg
card_0278,afraid,afraid_man.svg
card_0002,after,after.svg
card_0003,afternoon,afternoon.svg
card_0279,aftershave,aftershave.svg
card_1124,ahead,ahead.svg
card_1126,air,air_person_1a.svg
card_1126,air,air_person_1b.svg
card_0280,algebra class,algebra_class.svg
card_1140,almonds,almond.svg
card_0281,ambulance,ambulance.svg
card_1152,angel,angel.svg
card_0282,angry,angry_lady.svg
card_0282,angry,angry_man.svg
card_1156,ankle,ankle.svg
card_1161,answer,answer.svg
card_0283,ant,ant.svg
card_0284,ant eater,ant_eater.svg
card_0285,antelope,antelope.svg
card_0286,apple,apple.svg
card_0287,apple juice,apple_juice.svg
card_0288,apricot,apricot.svg
card_0289,apron,apron.svg
card_0290,aquarium,aquarium.svg
card_0291,archery,archery.svg
card_1187,arm,arm.svg
card_0293,arms,arms.svg
card_0793,to armwrestle,"armwrestle_,_to.svg"
card_0294,army tank,army_tank.svg
card_0295,around,around.svg
card_1191,art,art.svg
card_0296,art class,art_class.svg
card_1194,ash wednesday,Ash_Wednesday.svg
card_0297,asparagus,asparagus.svg
card_0298,aubergine,aubergine.svg
card_0299,autumn,autumn.svg
card_0300,avocado,avocado.svg
card_1215,awake,awake.svg
card_1217,away,away.svg
card_0301,baby,baby.svg
card_0014,back,back.svg
card_0302,back ache,back_ache.svg
card_0303,back garden,back_garden.svg
card_0304,backwards,backwards.svg
card_1223,bacon,bacon.svg
card_0015,bad,bad.svg
card_0305,badminton,badminton.svg
card_0306,bagel,bagel.svg
card_0016,bake,"bake_,_to.svg"
card_0307,baked beans,baked_beans.svg
card_1226,baker,baker_1a.svg
card_1226,baker,baker_1b.svg
card_0308,ball,ball.svg
card_1229,balloon,balloon.svg
card_0309,banana,banana.svg
card_0310,bank,bank.svg
card_0311,baseball bat,baseball_bat.svg
card_1239,basket,basket.svg
card_0312,basketball,basketball.svg
card_0313,bat,bat.svg
card_1240,bath,bath.svg
card_0795,to bathe,"bathe_,_to.svg"
card_1241,bathe,"bathe_,_to.svg"
card_0314,battery,battery_1.svg
card_0314,battery,battery_1a.svg
card_0315,beach,beach.svg
card_0316,beads,beads.svg
card_1244,beak,beak.svg
card_0317,beanbag,beanbag.svg
card_0018,bear,bear.svg
card_0318,beef,beef.svg
card_0319,beehive,beehive.svg
card_0320,beer,beer.svg
card_0321,bees nest,bees_nest.svg
card_0322,beetle,beetle.svg
card_0323,beetroot,beetroot.svg
card_0020,before,before.svg
card_0324,behind,behind.svg
card_1258,bell,bell.svg
card_1260,below,below.svg
card_1261,belt,belt.svg
card_1262,bench,bench.svg
card_0325,between,between.svg
card_0326,bicycle,bicycle.svg
card_1272,bingo,bingo.svg
card_0327,bird,bird.svg
card_0328,biscuits,biscuits.svg
card_0023,black,black.svg
card_0329,blackboard,blackboard.svg
card_1275,bladder,bladder.svg
card_0330,blanket,blanket.svg
card_3042,bless,"bless_,_to.svg"
card_1279,blind,blind.svg
card_1279,blind,blinds.svg
card_0331,blood pressure,blood_pressure.svg
card_0332,blouse,blouse.svg
card_0024,blue,blue.svg
card_0333,boat,boat.svg
card_0334,bobble hat,bobble_hat.svg
card_0335,boccia,boccia.svg
card_0337,bone,bone.svg
card_0338,book shelf,book_shelf.svg
card_0339,bookcase,bookcase.svg
card_0340,boots,boots.svg
card_0919,both,both.svg
card_0341,bottom,bottom.svg
card_1298,bow,bow.svg
card_0342,bow tie,bow_tie.svg
card_0343,bowl,bowl.svg
card_0344,bowling,bowling.svg
card_0345,boxer shorts,boxer_shorts.svg
card_0346,bra,bra.svg
card_1303,bracelet,bracelet_1.svg
card_1305,brain,brain.svg
card_0347,branch,branch.svg
card_0348,bread,bread.svg
card_0026,break,"break_,_to.svg"
card_0796,to break,"break_,_to.svg"
card_0026,break,break_2.svg
card_0796,to break,break_2.svg
card_1309,breakfast,breakfast_1.svg
card_0349,bricks,bricks.svg
card_1314,bright,bright.svg
card_0350,broccoli,broccoli.svg
card_0351,broken,broken.svg
card_1319,broom,broom.svg
card_0352,brother,brother.svg
card_0027,brown,brown.svg
card_1321,brush teeth,"brush_teeth_,_to.svg"
card_0353,brussels sprouts,brussel_sprouts.svg
card_0354,bubbles,bubbles.svg
card_1322,bucket,bucket.svg
card_1323,buffalo,buffalo.svg
card_1329,burn,burn.svg
card_0355,bus,bus.svg
card_0356,bush,bush.svg
card_1335,busy,busy.svg
card_1337,butter,butter.svg
card_0357,butterfly,butterfly.svg
card_1338,button,button.svg
card_0358,cabbage,cabbage.svg
card_0359,cactus,cactus.svg
card_0360,cage,cage.svg
card_1341,cake,cake.svg
card_0361,cake slice,cake_slice.svg
card_0362,calculator,calculator.svg
card_1342,calendar,calendar.svg
card_1343,calf,calf.svg
card_0363,camel,camel.svg
card_0364,camera,camera.svg
card_1348,candle,candle_2.svg
card_0365,candy cane,candy_cane.svg
card_1351,canoe,canoe.svg
card_0366,cap,cap.svg
card_0367,car,car.svg
card_1356,card,card.svg
card_0368,carpenter,carpenter_1a.svg
card_0368,carpenter,carpenter_1b.svg
card_0369,carrot,carrot.svg
card_1363,cart,cart.svg
card_0371,cat,cat.svg
card_0372,caterpillar,caterpillar.svg
card_1372,ceiling,ceiling.svg
card_0799,to celebrate,"celebrate_2_,_to.svg"
card_1373,celebrate,"celebrate_2_,_to.svg"
card_1374,celery,celery.svg
card_0373,cereal,cereal.svg
card_0374,chair,chair.svg
card_1384,chalk,chalk.svg
card_0375,chameleon,chameleon.svg
card_1387,charge,charge.svg
card_0376,cheek,cheek.svg
card_0377,cheese,cheese.svg
card_0378,cheetah,cheetah.svg
card_0379,cherry,cherry.svg
card_1399,chest,chest_female.svg
card_1399,chest,chest_male.svg
card_0380,chick,chick.svg
card_1401,chicken,chicken.svg
card_0382,chilli pepper,chilli_pepper.svg
card_0383,chimpanzee,chimpanzee.svg
card_0384,chin,chin.svg
card_1409,chinese food,chinese_food.svg
card_1410,chipmunk,chipmunk.svg
card_0385,chips,chips.svg
card_0410,crisps,chips.svg
card_0386,chocolate,chocolate.svg
card_1416,christmas,Christmas.svg
card_1417,christmas tree,Christmas_tree.svg
card_0388,church,church.svg
card_0035,circle,circle.svg
card_1425,clamp,clamp.svg
card_1430,claw,claw.svg
card_0036,clean,cleaner_1a.svg
card_0036,clean,cleaner_1b.svg
card_1436,clock,clock.svg
card_0037,close,close_to.svg
card_0389,closed,closed.svg
card_1438,clothes,clothes_female.svg
card_1438,clothes,clothes_male.svg
card_0390,cloudy,cloudy.svg
card_1443,coach,coach.svg
card_0391,coat,coat.svg
card_0392,cockatiel,cockatiel.svg
card_0393,cockerel,cockerel.svg
card_1448,coconut,coconut.svg
card_0394,coffee,coffee.svg
card_1451,coffee maker,coffee_maker.svg
card_0395,coffee table,coffee_table.svg
card_1453,collar,collar_1.svg
card_0396,colour,colour.svg
card_0397,colouring book,colouring_book.svg
card_0398,comb,comb.svg
card_1456,comet,comet.svg
card_3043,communication book,communication_book.svg
card_0399,computer,computer_1.svg
card_0400,computer keyboard,computer_keyboard.svg
card_0401,computer mouse,computer_mouse_1.svg
card_0041,confused,confused_lady.svg
card_0041,confused,confused_man.svg
card_0042,cook,"cook_,_to.svg"
card_0804,to cook,"cook_,_to.svg"
card_0402,cooker,cooker.svg
card_1484,copy,copy.svg
card_0403,corner cabinet,corner_cabinet.svg
card_1487,correct,correct.svg
card_0405,cow,cow.svg
card_0406,crab,crab.svg
card_1504,cracker,cracker.svg
card_0407,cranberry juice,cranberry_juice.svg
card_1506,crane,crane.svg
card_0408,crayon,crayon.svg
card_1510,cream,cream.svg
card_0409,cricket,cricket.svg
card_0410,crisps,crisps.svg
card_0411,crocodile,crocodile.svg
card_0412,croissant,croissant.svg
card_1518,crooked,crooked.svg
card_1521,cross,cross.svg
card_1524,crunchy,crunchy.svg
card_1525,crush,"crush_,_to.svg"
card_0413,cucumber,cucumber.svg
card_1530,cupboard,cupboard.svg
card_0414,curly,curly.svg
card_3074,curry,curry.svg
card_0415,curtains,curtains.svg
card_0044,cut,cut.svg
card_0806,to cycle,"cycle_,_to.svg"
card_1537,cycle,"cycle_,_to.svg"
card_0416,dad,dad_parent.svg
card_0417,daffodil,daffodil.svg
card_0418,daisy,daisy.svg
card_0419,darts,darts.svg
card_1543,date,date.svg
card_1543,date,dates.svg
card_0420,daughter,daughter.svg
card_0046,day,day.svg
card_1546,dead,dead.svg
card_0421,dead plant,dead_plant.svg
card_0422,deep,deep.svg
card_0423,deer,deer.svg
card_0424,delivery person,delivery_person_1a.svg
card_0424,delivery person,delivery_person_1b.svg
card_0425,dentist,dentist_1a.svg
card_0425,dentist,dentist_1b.svg
card_0426,deodorant,deodorant.svg
card_1567,desire,desiring_lady.svg
card_1567,desire,desiring_man.svg
card_1568,desk,desk.svg
card_1569,dessert,dessert.svg
card_0427,diamond,diamond.svg
card_0428,dining table,dining_table.svg
card_1581,dinner,dinner.svg
card_1581,dinner,dinner_lady_1a.svg
card_1581,dinner,dinner_lady_1b.svg
card_0429,dinosaur,dinosaur.svg
card_0051,dirty,dirty.svg
card_1591,dish,dish.svg
card_1591,dish,dishes.svg
card_1592,dishwasher,dishwasher.svg
card_1594,dive,"dive_2_,_to.svg"
card_1595,divide,divide.svg
card_0430,doctor,doctor_1a.svg
card_0430,doctor,doctor_1b.svg
card_0431,dog,dog.svg
card_0432,dog kennel,dog_kennel.svg
card_0433,doll,doll.svg
card_0434,dolphin,dolphin.svg
card_0435,donkey,donkey.svg
card_0436,door,door.svg
card_0437,dove,dove.svg
card_0054,down,down.svg
card_1614,download,download.svg
card_0438,dragonfly,dragonfly.svg
card_0439,drama class,drama_class.svg
card_0440,drawer,drawer.svg
card_0056,dress,dress.svg
card_0441,dresser,dresser.svg
card_0057,drink,drink.svg
card_0057,drink,"drink_,_to.svg"
card_0057,drink,drinks.svg
card_1626,drum,drum.svg
card_0059,dry,dry.svg
card_0443,duck,duck.svg
card_0444,dvd player,DVD_player.svg
card_0445,ear,ear.svg
card_1641,earring,earrings.svg
card_1642,earth,Earth.svg
card_0446,earwig,earwig.svg
card_1645,east,east.svg
card_1650,egg,egg.svg
card_1650,egg,eggs.svg
card_0447,eight,eight.svg
card_0935,eighteen,eighteen.svg
card_1652,either,either.svg
card_0448,elbow,elbow.svg
card_0451,elephant,elephant.svg
card_0936,eleven,eleven.svg
card_0452,elf,elf.svg
card_1658,email,email.svg
card_0062,empty,empty.svg
card_1665,engine,engine.svg
card_0453,english class,english_class.svg
card_0938,enough,enough.svg
card_1668,enter,"enter_,_to.svg"
card_0807,to enter door,"enter_door_,_to.svg"
card_1676,even,even.svg
card_1679,every,every.svg
card_0064,excited,excited_lady.svg
card_0064,excited,excited_man.svg
card_0808,to exercise,"exercise_,_to.svg"
card_1689,exercise,"exercise_,_to.svg"
card_1691,exit,"exit_,_to.svg"
card_0809,to exit door,"exit_door_,_to.svg"
card_0454,extension lead,extension_lead.svg
card_1698,extra,extra.svg
card_0455,eye,eye.svg
card_0456,eyebrow,eyebrow.svg
card_0457,eyelash,eyelash.svg
card_0458,eyes,eyes.svg
card_1699,fabric,fabric.svg
card_0459,face,face_neutral_3.svg
card_0460,fairy,fairy.svg
card_0461,family,family.svg
card_0462,fancy,fancy.svg
card_1710,farmer,farmer_1a.svg
card_1710,farmer,farmer_1b.svg
card_0067,fast,fast_2.svg
card_0463,fat,fat.svg
card_0463,fat,fats.svg
card_3078,favourite,favourite.svg
card_1717,feather,feather.svg
card_1720,feet,feet.svg
card_0464,ferry,ferry.svg
card_0465,field,field.svg
card_0941,fifteen,fifteen.svg
card_0942,fifty,fifty.svg
card_1728,file,file.svg
card_0466,finger,finger.svg
card_0467,fingernail,fingernail.svg
card_0467,fingernail,fingernails.svg
card_0466,finger,fingers.svg
card_1733,finish,finish.svg
card_1734,fire,fire.svg
card_0468,fire engine,fire_engine.svg
card_1739,fireworks,fireworks.svg
card_0943,first,first.svg
card_0469,fish,fish.svg
card_0812,to fish,fish.svg
card_0469,fish,"fish_,_to.svg"
card_0812,to fish,"fish_,_to.svg"
card_0470,fish koi carp,fish_koi_carp.svg
card_0471,five,five.svg
card_0472,flamingo,flamingo.svg
card_1743,flat,flat.svg
card_1747,floor,floor.svg
card_0473,flower,flower.svg
card_1751,flute,flute.svg
card_0073,fly,fly.svg
card_1756,food,food.svg
card_0474,foot,foot.svg
card_1758,football,football.svg
card_0475,fork,fork.svg
card_0944,forty,forty.svg
card_1768,forward,forward.svg
card_0476,forwards,forwards.svg
card_0477,four,four.svg
card_0945,fourteen,fourteen.svg
card_0478,fox,fox.svg
card_1774,freezer,freezer.svg
card_0479,fridge,fridge.svg
card_0481,frog,frog.svg
card_1782,front,front.svg
card_1783,fruit,fruit.svg
card_1786,fry,"fry_,_to.svg"
card_0076,full,full.svg
card_1790,furniture,furniture.svg
card_1791,future,future.svg
card_0482,garage,garage.svg
card_0483,gardener,gardener_1a.svg
card_0483,gardener,gardener_1b.svg
card_1798,garlic,garlic.svg
card_1806,geography,geography.svg
card_0484,geography class,geography_class.svg
card_1808,get dressed,"get_dressed_,_to.svg"
card_0485,ghost,ghost.svg
card_0486,giraffe,giraffe.svg
card_1816,glass,glass.svg
card_0487,glasses,glasses.svg
card_0488,gloves,gloves.svg
card_0489,glue,glue.svg
card_1818,goal,goal.svg
card_0490,goldfish,goldfish.svg
card_0491,golf,golf.svg
card_0081,good,good.svg
card_0081,good,good_person.svg
card_0493,goose,goose.svg
card_0494,gorilla,gorilla.svg
card_0495,grandfather,grandfather.svg
card_0496,grandmother,grandmother.svg
card_0497,grape juice,grape_juice.svg
card_0498,grapefruit,grapefruit.svg
card_0499,grapes,grapes.svg
card_0500,grass,grass.svg
card_1834,grater,grater.svg
card_1835,gravity,gravity.svg
card_1838,great,great.svg
card_0082,green,green.svg
card_0501,green beans,green_beans.svg
card_1841,grill,"grill_,_to.svg"
card_1845,ground,ground.svg
card_1854,guinea pig,guinea_pig.svg
card_1855,guitar,guitar.svg
card_0502,gum,gum.svg
card_1858,guy,guy.svg
card_0503,gym,gym_1.svg
card_0504,hair conditioner,hair_conditioner.svg
card_0506,hair dye,hair_dye.svg
card_3081,haircut,haircut.svg
card_0955,half,half.svg
card_1863,halloween,Halloween.svg
card_1864,ham,ham.svg
card_0507,hamburger,hamburger.svg
card_1865,hammer,hammer.svg
card_0508,hamster,hamster.svg
card_1868,handsome,handsome.svg
card_0086,happy,happy_lady.svg
card_0086,happy,happy_man.svg
card_0087,hard,hard.svg
card_0509,head,head.svg
card_0510,headache,headache.svg
card_0511,headphones,headphones.svg
card_1881,healthy,healthy.svg
card_0091,hear,"hear_,_to.svg"
card_0817,to hear,"hear_,_to.svg"
card_1882,hearing aid,hearing_aid_1.svg
card_1883,heart,heart.svg
card_1884,heat,"heat_,_to.svg"
card_0512,heavy,heavy.svg
card_0513,hedge,hedge.svg
card_0514,hedgehog,hedgehog.svg
card_0515,helicopter,helicopter.svg
card_0516,hello,hello.svg
card_0517,hexagon,hexagon.svg
card_1895,high,high.svg
card_0518,high chair,high_chair.svg
card_1895,high,highest.svg
card_0519,hip,hip.svg
card_0520,hippopotamus,hippopotamus.svg
card_0519,hip,hips.svg
card_1901,history,history.svg
card_0521,history class,history_class.svg
card_1904,hoe,hoe.svg
card_0522,holly,holly.svg
card_1909,honey,honey.svg
card_1914,horn,horns.svg
card_0525,horse,horse.svg
card_1916,hose,hose.svg
card_0097,hot,hot.svg
card_0526,hot air balloon,hot_air_balloon.svg
card_0527,hot chocolate,hot_chocolate.svg
card_0528,hot dog,hot_dog.svg
card_0097,hot,hot_person.svg
card_0529,house,house.svg
card_0098,how,how.svg
card_0530,how many,how_many.svg
card_0963,hundred,hundred.svg
card_0100,hungry,hungry.svg
card_0541,i'm hungry,hungry.svg
card_1930,husband,husband.svg
card_0102,i,I.svg
card_0543,ice cream,ice_cream.svg
card_0544,ice lolly,ice_lolly.svg
card_0104,in,in.svg
card_0545,in front,in_front.svg
card_1971,ingredient,ingredients.svg
card_0546,inhaler,inhaler.svg
card_1979,internet,internet.svg
card_1981,intestines,intestine.svg
card_0547,iphone,iPhone.svg
card_0548,ipod,iPod.svg
card_1988,iron,iron.svg
card_1988,iron,"iron_,_to.svg"
card_0549,it class,IT_class.svg
card_0551,itch,itch.svg
card_0552,ivy,ivy.svg
card_0553,jacket,jacket.svg
card_2001,jar,jar.svg
card_2003,jealous,jealous_lady.svg
card_2003,jealous,jealous_man.svg
card_2004,jeans,jeans.svg
card_0554,jeep,jeep.svg
card_2006,jelly,jelly.svg
card_0555,jelly beans,jelly_beans.svg
card_0556,jellyfish,jellyfish.svg
card_0557,jewellery,jewellery.svg
card_0558,judo,judo.svg
card_0559,jumper,jumper.svg
card_0560,kangaroo,kangaroo.svg
card_2025,kennel,kennel.svg
card_2027,key,key_1.svg
card_0822,to kick ball,"kick_ball_1_,_to.svg"
card_2030,kidney,kidneys.svg
card_0561,killer whale,killer_whale.svg
card_0562,kite,kite.svg
card_0563,kiwi,kiwi.svg
card_0564,knee,knee.svg
card_0565,knife,knife.svg
card_0566,koala,koala.svg
card_2045,lamb,lamb.svg
card_0567,lamp,lamp.svg
card_0568,laptop,laptop.svg
card_0569,large,large.svg
card_0114,last,last.svg
card_0570,last month,last_month.svg
card_2051,laugh,laughing_lady.svg
card_2051,laugh,laughing_man.svg
card_2053,laundry basket,laundry_basket.svg
card_0571,leaf,leaf.svg
card_0571,leaf,leaves.svg
card_0118,left,left.svg
card_0572,left hand,left_hand.svg
card_0573,leg,leg.svg
card_0574,lego,lego.svg
card_3052,legs,legs.svg
card_2063,lemon,lemon.svg
card_0575,lemonade,lemonade.svg
card_2068,letter,letter.svg
card_0577,lettuce,lettuce.svg
card_2075,lift,lift.svg
card_0578,light,light.svg
card_2077,lily,lily.svg
card_0579,lion,lion.svg
card_0580,lips,lips_1.svg
card_2079,lipstick,lipstick.svg
card_0122,little,little.svg
card_2083,lizard,lizard.svg
card_2088,lollipop,lollipop.svg
card_0124,long,long.svg
card_0581,lorry,lorry.svg
card_0126,lose,lost.svg
card_2091,lotion,lotion.svg
card_0127,loud,loud.svg
card_2094,lucky,lucky.svg
card_2096,lunch,lunch_1.svg
card_2097,lung,lungs.svg
card_0582,make up,make_up.svg
card_2108,make-up,make_up.svg
card_0583,mango,mango.svg
card_2123,marry,married.svg
card_2124,mars,Mars.svg
card_0584,marshmallows,marshmallows.svg
card_2127,mascara,mascara.svg
card_2133,math,maths.svg
card_0586,maths class,maths_class.svg
card_0587,mauve,mauve.svg
card_2136,mayonnaise,mayonnaise.svg
card_2142,measuring cup,measuring_cups.svg
card_2143,meat,meat.svg
card_0588,medicine,medicine.svg
card_0589,melon,melon.svg
card_2149,melt,"melt_,_to.svg"
card_2152,menu,menu.svg
card_2154,mercury,Mercury.svg
card_2162,microwave,microwave.svg
card_2163,middle,middle.svg
card_0590,milk,milk.svg
card_0590,milk,milk_person_1a.svg
card_0590,milk,milk_person_1b.svg
card_0591,milkshake,milkshake.svg
card_0592,mini bus,mini_bus.svg
card_2173,mint,mints.svg
card_0593,minute,minute.svg
card_2175,mirror,mirror.svg
card_2178,mittens,mittens.svg
card_2180,mixer,mixer.svg
card_2183,money,money.svg
card_0594,monster,monster.svg
card_2186,moon,Moon.svg
card_2188,mop,mop.svg
card_0139,more,more.svg
card_0140,morning,morning.svg
card_2190,most,most.svg
card_0595,moth,moth.svg
card_0596,motorcycle,motorcycle.svg
card_2194,mountain,mountains.svg
card_0597,mouse,mouse.svg
card_2195,mouth,mouth.svg
card_0598,mug,mug_2.svg
card_2204,multiply,multiply.svg
card_0599,mum,mum_parent.svg
card_0600,muscles,muscles.svg
card_2207,mushroom,mushroom.svg
card_2208,music,music.svg
card_0602,music class,music_class.svg
card_2221,nail,nail.svg
card_0603,nail clippers,nail_clippers.svg
card_0144,near,near.svg
card_0604,neck,neck.svg
card_2230,necklace,necklace.svg
card_1029,neither,neither.svg
card_0605,nest,nest.svg
card_2239,newspaper,newspaper.svg
card_2239,newspaper,newspaper_person_1a.svg
card_2239,newspaper,newspaper_person_1b.svg
card_0148,next,next.svg
card_0606,next month,next_month.svg
card_0607,next week,next_week.svg
card_0150,night,night.svg
card_0608,nine,nine.svg
card_1033,nineteen,nineteen.svg
card_0609,noisy,noisy.svg
card_0610,noodles,noodles.svg
card_2247,north,north.svg
card_0611,notebook,notebook.svg
card_0154,now,now.svg
card_0612,nurse,nurse_1a.svg
card_0612,nurse,nurse_1b.svg
card_0613,nuts,nuts.svg
card_0614,octagon,octagon.svg
card_0157,off,off.svg
card_0615,office block,office_block.svg
card_0159,old,old_person_1.svg
card_0616,olympic rings,olympic_rings.svg
card_0617,olympic torch,olympic_torch.svg
card_0160,on,on.svg
card_0618,one,one.svg
card_0619,one hour,one_hour.svg
card_0620,onion,onion.svg
card_0161,open,open.svg
card_0825,to open,open.svg
card_0622,operation,operation.svg
card_0163,orange,orange.svg
card_0623,orange juice,orange_juice.svg
card_0624,ostrich,ostrich.svg
card_0164,out,out.svg
card_0165,outside,outside.svg
card_0625,oval,oval.svg
card_0166,over,over.svg
card_0626,owl,owl.svg
card_0627,oxygen mask,oxygen_mask.svg
card_0628,oyster,oyster.svg
card_0167,paint,paint.svg
card_0629,palm tree,palm_tree.svg
card_2300,pancake,pancake_2.svg
card_0630,pancakes,pancakes.svg
card_0631,panda,panda.svg
card_0632,pants,pants.svg
card_0880,trousers,pants.svg
card_2302,paper,paper.svg
card_2303,paper towel,paper_towel.svg
card_2303,paper towel,paper_towels.svg
card_0634,para olympic games,para_olympic_games.svg
card_2304,parent,parents.svg
card_0635,parrot,parrot.svg
card_2307,part,part.svg
card_2309,partner,partner.svg
card_3094,passport,passport.svg
card_2314,past,past.svg
card_0636,pasta,pasta.svg
card_2315,pasta sauce,pasta_sauce.svg
card_2317,pastry,pastry.svg
card_2320,paw,paw.svg
card_0642,peas,pea.svg
card_0638,peach,peach.svg
card_0639,peacock,peacock.svg
card_0640,peanut,peanut.svg
card_2323,peanut butter,peanut_butter.svg
card_0641,pear,pear.svg
card_0642,peas,peas.svg
card_2326,peel,"peel_,_to.svg"
card_2327,pelican,pelican.svg
card_0643,pen,pen.svg
card_0644,pencil,pencil.svg
card_0645,pencil case,pencil_case.svg
card_0646,pencil sharpener,pencil_sharpener.svg
card_0647,penguin,penguin.svg
card_2328,penis,penis.svg
card_0648,pentagon,pentagon.svg
card_0168,pepper,pepper.svg
card_0649,pepper mill,pepper_mill.svg
card_2335,perfume,perfume.svg
card_0650,petal,petal.svg
card_2346,piano,piano.svg
card_2349,picnic,picnic.svg
card_0651,picture,picture.svg
card_0652,pie,pie.svg
card_0653,piglet,piglet.svg
card_2355,pilot,pilot_1a.svg
card_2355,pilot,pilot_1b.svg
card_0654,pine cone,pine_cone.svg
card_0655,pineapple,pineapple.svg
card_0656,pineapple juice,pineapple_juice.svg
card_0169,pink,pink.svg
card_2356,pint,pint.svg
card_0657,pizza,pizza.svg
card_0658,place mat,place_mat.svg
card_2361,planet,planets.svg
card_2362,plant,plant.svg
card_0659,plaster,plaster.svg
card_2363,plastic,plastic.svg
card_0660,plate,plate.svg
card_0661,playdough,playdough.svg
card_0662,playstation,playstation.svg
card_2369,pliers,pliers.svg
card_2370,plug,plug_2.svg
card_2376,pocket,pocket.svg
card_2377,point,"point_,_to.svg"
card_2377,point,pointed.svg
card_0663,polar bear,polar_bear.svg
card_0664,police,police_1a.svg
card_0664,police,police_1b.svg
card_0665,police car,police_car.svg
card_2381,pond,pond.svg
card_2389,porcupine,porcupine.svg
card_0666,porridge,porridge.svg
card_0667,post person,post_person_1a.svg
card_0667,post person,post_person_1b.svg
card_2395,pot,pot.svg
card_0668,potato,potato.svg
card_0669,potted plant,potted_plant.svg
card_0670,poultry,poultry.svg
card_0832,to pray,"pray_,_to.svg"
card_2403,pray,"pray_,_to.svg"
card_2404,prayer,prayer.svg
card_0173,present,present.svg
card_0174,pretty,pretty.svg
card_0671,pretzel,pretzel.svg
card_2417,print,print.svg
card_0672,printer,printer.svg
card_0673,pumpkin,pumpkin.svg
card_0674,puppet,puppet.svg
card_0175,purple,purple.svg
card_0675,purse,purse.svg
card_0676,pyjamas,pyjamas.svg
card_0677,pyramid triangular base,pyramid_triangular_base.svg
card_2440,quarter,quarter.svg
card_0178,quiet,quiet.svg
card_0678,rabbit,rabbit.svg
card_0679,race athletics,race_athletics.svg
card_0680,radish,radish.svg
card_0681,rain,rain.svg
card_2451,rainbow,rainbow.svg
card_2452,raincoat,raincoat.svg
card_2455,rake,rake.svg
card_2457,ramp,ramp.svg
card_0682,rash,rash.svg
card_0683,rat,rat.svg
card_0684,rattle snake,rattle_snake.svg
card_2462,ravioli,ravioli.svg
card_0180,ready,ready.svg
card_2473,recipe,recipe.svg
card_0181,rectangle,rectangle.svg
card_0182,red,red.svg
card_0685,refuse lorry,refuse_lorry.svg
card_2483,reindeer,reindeer.svg
card_2484,relax,"relax_3_,_to.svg"
card_0687,remote control,remote_control.svg
card_0688,rhinoceros,rhinoceros.svg
card_0689,rice,rice.svg
card_0836,to ride horse,"ride_horse_,_to.svg"
card_0184,right,right.svg
card_0690,right hand,right_hand.svg
card_2507,ring,ring.svg
card_0691,ring binder,ring_binder.svg
card_2508,rise,risen.svg
card_2512,road,road.svg
card_0692,robin,robin.svg
card_0693,rocket,rocket.svg
card_0694,rocking chair,rocking_chair.svg
card_2521,room,room.svg
card_0695,roots,roots.svg
card_0696,rose,rose.svg
card_2530,rudolph,Rudolph.svg
card_0697,rug,rug.svg
card_0185,run,"run_,_to.svg"
card_0837,to run,"run_,_to.svg"
card_0186,sad,sad_lady.svg
card_0186,sad,sad_man.svg
card_0698,salad,salad.svg
card_0699,salt,salt.svg
card_0699,salt,"salt_,_to.svg"
card_2540,salty,salty.svg
card_0187,same,same.svg
card_0700,sandals,sandals.svg
card_0701,sandwich,sandwich.svg
card_0702,sanitary towel,sanitary_towel.svg
card_2543,satellite,satellite.svg
card_2545,sausage,sausages.svg
card_2546,save,save.svg
card_2547,saw,saw.svg
card_0703,scarf,scarf.svg
card_2549,scary,scary.svg
card_0704,school,school.svg
card_0705,school bag,school_bag.svg
card_2551,science,science.svg
card_0706,science class,science_class.svg
card_0707,scissors,scissors.svg
card_2557,screw,screw.svg
card_2558,screwdriver,screwdriver.svg
card_0708,seagull,seagull.svg
card_0709,seahorse,seahorse.svg
card_0710,seal,seal.svg
card_0711,second,second.svg
card_0712,secretary,secretary_1a.svg
card_0712,secretary,secretary_1b.svg
card_0713,seedling,seedling.svg
card_0714,seeds,seeds.svg
card_2575,serve,"serve_,_to.svg"
card_0715,serviette,serviette.svg
card_0716,seven,seven.svg
card_1050,seventeen,seventeen.svg
card_0717,shallow,shallow.svg
card_0718,shampoo,shampoo.svg
card_0719,shape puzzle,shape_puzzle.svg
card_2581,shape,shapes.svg
card_2584,sharp,sharp.svg
card_2586,shave,"shave_,_to.svg"
card_0720,sheep,sheep.svg
card_0721,shiny,shiny.svg
card_0722,shirt,shirt.svg
card_2593,shooting star,shooting_star.svg
card_0723,shop,shop.svg
card_0194,short,short.svg
card_0724,shorts,shorts.svg
card_0725,shoulder,shoulder.svg
card_2597,shower,shower.svg
card_2597,shower,"shower_1_,_to.svg"
card_0726,shrimp,shrimp.svg
card_2601,side,side.svg
card_2607,singer,singer_1a.svg
card_2607,singer,singer_1b.svg
card_0727,single bed,single_bed.svg
card_0200,sink,sink.svg
card_0728,sister,sister.svg
card_0729,six,six.svg
card_1052,sixteen,sixteen.svg
card_0730,skateboard,skateboard.svg
card_0841,to ski,"ski_,_to.svg"
card_2610,ski,"ski_,_to.svg"
card_0731,skin,skin.svg
card_0732,skirt,skirt.svg
card_2610,ski,skis.svg
card_2612,skull,skull.svg
card_2613,skunk,skunk.svg
card_2617,sleigh,sleigh.svg
card_2618,slice,slice.svg
card_2619,slide,slide.svg
card_2621,slipper,slippers.svg
card_0733,slug,slug.svg
card_2625,smoke,"smoke_,_to.svg"
card_2626,smooth,smooth.svg
card_0734,snail,snail.svg
card_0735,snake,snake.svg
card_0736,snow,snow.svg
card_0737,soap,soap.svg
card_0738,socks,socks.svg
card_0206,soft,soft.svg
card_2641,soldier,soldier_1a.svg
card_2641,soldier,soldier_1b.svg
card_0207,some,some.svg
card_0739,son,son.svg
card_0740,soup,soup.svg
card_2659,sour,sour.svg
card_2660,sour cream,sour_cream.svg
card_2661,south,south.svg
card_0741,spaceship,spaceship.svg
card_2664,spaghetti,spaghetti.svg
card_0742,spaghetti bolognaise,spaghetti_bolognaise.svg
card_2667,spatula,spatula.svg
card_0743,speech language therapist,speech_language_therapist_1a.svg
card_0743,speech language therapist,speech_language_therapist_1b.svg
card_2676,spicy,spicy.svg
card_2677,spider,spider.svg
card_0744,spinach,spinach.svg
card_2679,spine,spine.svg
card_2682,sponge,sponge.svg
card_0745,spoon,spoon.svg
card_0210,spring,spring.svg
card_0746,spring onions,spring_onions.svg
card_2685,sprinkles,"sprinkle_,_to.svg"
card_0211,square,square.svg
card_2688,squash,squash.svg
card_2688,squash,"squash_,_to.svg"
card_2691,squirrel,squirrel_1a.svg
card_2691,squirrel,squirrel_1b.svg
card_0747,stable,stable.svg
card_2694,stairs,stairs.svg
card_0748,stapler,stapler.svg
card_0749,star,star.svg
card_0750,starfish,starfish.svg
card_2700,steak,steak.svg
card_0751,stereo,stereo.svg
card_0752,stick,stick.svg
card_0753,stickers,stickers.svg
card_0754,sticky,sticky.svg
card_2711,stock,stock.svg
card_0755,stomach,stomach.svg
card_0756,stomach ache,stomach_ache.svg
card_0757,stool,stool.svg
card_2718,straight,straight.svg
card_0758,straw,straw.svg
card_0759,strawberry,strawberry.svg
card_2723,string,string.svg
card_2725,strong,strong.svg
card_2728,stuff,stuffing.svg
card_0214,summer,summer.svg
card_0760,sun,sun.svg
card_0761,sunglasses,sunglasses.svg
card_2742,sunscreen,sunscreen.svg
card_0762,surgery health centre,surgery_health_centre.svg
card_1059,surprised,surprised_lady.svg
card_1059,surprised,surprised_man.svg
card_0763,swan,swan.svg
card_2754,sweatshirt,sweatshirt.svg
card_2756,sweet,sweet.svg
card_0764,sweet potato,sweet_potato.svg
card_0765,sweetcorn,sweetcorn.svg
card_0845,to swim,"swim_,_to.svg"
card_2757,swim,"swim_,_to.svg"
card_2759,swing,swing.svg
card_2759,swing,"swing_,_to.svg"
card_0766,syringe,syringe.svg
card_0768,table,table.svg
card_0769,tablets,tablets.svg
card_0218,tall,tall.svg
card_2773,taste,"taste_,_to.svg"
card_0770,taxi,taxi.svg
card_0771,taxi driver,taxi_driver_1a.svg
card_0771,taxi driver,taxi_driver_1b.svg
card_0771,taxi driver,taxi_driver_1c.svg
card_0772,tea,tea.svg
card_0773,teacher,teacher_1a.svg
card_0773,teacher,teacher_1b.svg
card_2777,teapot,teapot.svg
card_2781,technology,technology.svg
card_0774,teddy bear,teddy_bear.svg
card_0775,teeth,teeth.svg
card_1061,ten,ten.svg
card_0776,tennis,tennis.svg
card_2789,test,test.svg
card_0778,thermometer,thermometer.svg
card_0779,thick,thick.svg
card_0780,thin,thin.svg
card_0226,thirsty,thirsty.svg
card_0542,i'm thirsty,thirsty.svg
card_1066,thirteen,thirteen.svg
card_1067,thirty,thirty.svg
card_0781,this month,this_month.svg
card_0782,this week,this_week.svg
card_2812,thousand,thousand.svg
card_0783,three,three.svg
card_0784,throat,throat.svg
card_0785,through,through.svg
card_0786,thumb,thumb.svg
card_0786,thumb,thumbs.svg
card_0787,thunder storm,thunder_storm.svg
card_0788,tie,tie.svg
card_0788,tie,"tie_2_,_to.svg"
card_0789,tiger,tiger.svg
card_2819,tights,tights.svg
card_2820,time out,time_out.svg
card_0791,tippex,tippex.svg
card_0792,tissues,tissues.svg
card_0855,toad,toad.svg
card_0232,toast,toast.svg
card_2823,toaster,toaster.svg
card_0233,today,today.svg
card_2827,toilet,toilet.svg
card_0857,toilet roll,toilet_roll.svg
card_2827,toilet,toilets.svg
card_0858,tomato,tomato.svg
card_0234,tomorrow,tomorrow.svg
card_0861,tongue,tongue.svg
card_2833,tooth,tooth.svg
card_0862,toothache,toothache.svg
card_0863,toothbrush,toothbrush.svg
card_0864,toothpaste,toothpaste.svg
card_2834,top,top.svg
card_0865,tortoise,tortoise.svg
card_0866,towel,towel.svg
card_0867,toy box,toy_box.svg
card_0868,toy car,toy_car.svg
card_0869,toy soldier,toy_soldier.svg
card_0871,toys,toys.svg
card_0872,tractor,tractor.svg
card_0236,train,train.svg
card_0873,trainers,trainers.svg
card_0874,trampoline,trampoline.svg
card_0874,trampoline,"trampoline_,_to.svg"
card_2851,travel,travel.svg
card_2852,tray,tray.svg
card_0876,tree,tree.svg
card_0877,tree trunk,tree_trunk.svg
card_0878,triangle equilateral,triangle_equilateral.svg
card_0880,trousers,trousers.svg
card_0767,t-shirt,t-shirt.svg
card_0881,tulip,tulip.svg
card_2870,tuna,tuna.svg
card_0882,turkey,turkey.svg
card_2871,turtle,turtle.svg
card_1070,twelve,twelve.svg
card_1071,twenty,twenty.svg
card_0883,two,two.svg
card_0241,ugly,ugly.svg
card_0884,umbrella,umbrella.svg
card_0242,under,under_1.svg
card_2885,undress,"undress_,_to.svg"
card_0243,up,up.svg
card_2903,vagina,vagina.svg
card_0885,van,van.svg
card_2907,vase,vase.svg
card_0887,vegetables,vegetables.svg
card_2911,venus,Venus.svg
card_0888,vest,vest.svg
card_0889,vine,vine.svg
card_0890,vinegar,vinegar.svg
card_2920,visitor,visitor_1a.svg
card_2920,visitor,visitor_1b.svg
card_0891,volleyball,volleyball.svg
card_0849,to vomit,"vomit_,_to.svg"
card_2925,vomit,"vomit_,_to.svg"
card_0892,vulture,vulture.svg
card_2931,wall,wall.svg
card_2932,wallet,wallet.svg
card_2933,walnuts,walnut.svg
card_0893,walrus,walrus.svg
card_2935,wardrobe,wardrobe.svg
card_2938,wash hands,"wash_hands_,_to.svg"
card_2939,washing machine,washing_machine.svg
card_0894,wasp,wasp.svg
card_0250,watch,watch.svg
card_0852,to watch,watch.svg
card_0895,water,water.svg
card_0896,watermelon,watermelon.svg
card_0897,weeds,weeds.svg
card_0253,week,week.svg
card_0898,weekend,weekend.svg
card_2952,weigh,"weigh_,_to.svg"
card_2959,west,west.svg
card_0255,wet,wet.svg
card_0256,what,what.svg
card_0899,wheelchair,wheelchair.svg
card_0257,when,when.svg
card_0258,where,where.svg
card_0901,which,which.svg
card_0259,white,white.svg
card_0260,who,who.svg
card_2978,whole,whole.svg
card_0261,why,why.svg
card_2981,wife,wife.svg
card_0902,wii,Wii.svg
card_0903,window,window.svg
card_0904,wine,wine.svg
card_2987,wing,wing.svg
card_2988,winner,winner.svg
card_0264,winter,winter.svg
card_0905,witch,witch.svg
card_0906,wolf,wolf.svg
card_2997,wood,wood.svg
card_0267,work,"work_,_to.svg"
card_0854,to work,"work_,_to.svg"
card_3002,worksheet,worksheet.svg
card_3003,world,world.svg
card_1085,worried,worried_lady.svg
card_1085,worried,worried_man.svg
card_3012,wrap,"wrap_,_to.svg"
card_3014,wrench,wrench.svg
card_3016,wrist,wrist.svg
card_0907,xray,xray.svg
card_3019,xylophone,xylophone.svg
card_0271,yellow,yellow.svg
card_0272,yesterday,yesterday.svg
card_0909,yogurt,yogurt.svg
card_3031,young,young.svg
card_0911,zebra,zebra.svg
card_0912,zero,Zero.svg
card_3036,zip,zip.svg
card_0794,to arrest,"arrest_,_to.svg"
card_1197,ask,"ask_,_to.svg"
card_1263,bend,"bend_,_to.svg"
card_1273,bite,"bite_,_to.svg"
card_1284,blow,"blow_,_to.svg"
card_1297,bounce,"bounce_,_to.svg"
card_1300,box,"box_,_to.svg"
card_0797,to bring,"bring_,_to.svg"
card_1315,bring,"bring_,_to.svg"
card_1326,build,"build_,_to.svg"
card_1329,burn,"burn_2_,_to.svg"
card_1345,camp,"camp_,_to.svg"
card_0798,to carry,"carry_,_to.svg"
card_1362,carry,"carry_,_to.svg"
card_1368,catch,"catch_,_to.svg"
card_0033,change,"change_,_to.svg"
card_0800,to change mind,"change_mind_,_to.svg"
card_0801,to chase,"chase_,_to.svg"
card_1391,cheat,"cheat_,_to.svg"
card_1400,chew,"chew_,_to.svg"
card_0802,to climb up,"climb_up_,_to.svg"
card_0040,come,"come_,_to.svg"
card_0803,to come,"come_,_to.svg"
card_1458,communicate,"communicate_,_to.svg"
card_1484,copy,"copy_,_to.svg"
card_1495,count,"count_,_to.svg"
card_0805,to crawl,"crawl_,_to.svg"
card_1507,crawl,"crawl_,_to.svg"
card_0044,cut,"cut_,_to.svg"
card_1540,dance,"dance_,_to.svg"
card_1556,decorate,"decorate_,_to.svg"
card_1562,deliver,"deliver_,_to.svg"
card_1575,die,"die_,_to.svg"
card_1578,dig,"dig_,_to.svg"
card_1614,download,"download_,_to.svg"
card_0055,draw,"draw_,_to.svg"
card_1618,dream,"dream_,_to.svg"
card_0058,drive,"drive_,_to.svg"
card_0061,eat,"eat_,_to.svg"
card_0810,to fall over,"fall_over_,_to.svg"
card_1726,fight,"fight_,_to.svg"
card_1729,fill,"fill_2_,_to.svg"
card_0070,find,"find_,_to.svg"
card_0811,to find,"find_,_to.svg"
card_0078,get,"get_,_to.svg"
card_0813,to get,"get_,_to.svg"
card_0079,give,"give_,_to.svg"
card_0814,to give,"give_,_to.svg"
card_0080,go,"go_,_to.svg"
card_0815,to go,"go_,_to.svg"
card_3048,grab,"grab_,_to.svg"
card_0083,grow,"grow_,_to.svg"
card_0084,guess,"guess_,_to.svg"
card_1869,hang,"hang_,_to.svg"
card_0092,help,"help_,_to.svg"
card_1902,hit,"hit_,_to.svg"
card_0096,hold,"hold_,_to.svg"
card_0818,to hold,"hold_,_to.svg"
card_0819,to hop,"hop_,_to.svg"
card_1912,hop,"hop_,_to.svg"
card_0099,hug,"hug_,_to.svg"
card_1927,hunt,"hunt_,_to.svg"
card_2010,jog,"jog_,_to.svg"
card_2011,join,"join_,_to.svg"
card_2011,join,join_3.svg
card_0109,jump,"jump_,_to.svg"
card_0820,to jump,"jump_,_to.svg"
card_0111,keep,"keep_,_to.svg"
card_0821,to keep,"keep_,_to.svg"
card_2028,kick,"kick_person_,_to.svg"
card_2031,kill,"kill_,_to.svg"
card_2037,knit,"knit_,_to.svg"
card_2038,knock,"knock_,_to.svg"
card_0125,look,"look_,_to.svg"
card_0129,make,"make_,_to.svg"
card_0823,to make,"make_,_to.svg"
card_0135,meet,"meet_,_to.svg"
card_0141,move,"move_,_to.svg"
card_0824,to move,"move_,_to.svg"
card_0161,open,"open_,_to.svg"
card_0825,to open,"open_,_to.svg"
card_2272,order,"order_1_,_to.svg"
card_0167,paint,"paint_,_to.svg"
card_2305,park,"park_,_to.svg"
card_2347,pick,"pick_,_to.svg"
card_2362,plant,"plant_,_to.svg"
card_0170,play,"play_,_to.svg"
card_0172,pour,"pour_,_to.svg"
card_2426,protect,"protect_,_to.svg"
card_2433,pull,"pull_,_to.svg"
card_0176,push,"push_,_to.svg"
card_0177,put,"put_,_to.svg"
card_0833,to put,"put_,_to.svg"
card_2455,rake,"rake_2_,_to.svg"
card_0834,to reach for,"reach_for_,_to.svg"
card_0179,read,"read_,_to.svg"
card_2470,receive,"receive_,_to.svg"
card_0835,to rest,"rest_,_to.svg"
card_2500,rest,"rest_,_to.svg"
card_2503,return,"return_,_to.svg"
card_2528,rub,"rub_,_to.svg"
card_2559,scrub,"scrub_,_to.svg"
card_2572,separate,"separate_,_to.svg"
card_2579,shake,"shake_,_to.svg"
card_0838,to share,"share_,_to.svg"
card_2582,share,"share_,_to.svg"
card_2592,shoot,"shoot_,_to.svg"
card_0839,to shout,"shout_,_to.svg"
card_2595,shout,"shout_,_to.svg"
card_1051,show me,"show_me_,_to.svg"
card_2603,sign,"sign_,_to.svg"
card_0199,sing,"sing_,_to.svg"
card_0200,sink,"sink_,_to.svg"
card_0201,sit,"sit_,_to.svg"
card_0840,to sit,"sit_,_to.svg"
card_2611,skip,"skip_,_to.svg"
card_0202,sleep,"sleep_female_,_to.svg"
card_0202,sleep,"sleep_male_,_to.svg"
card_2619,slide,"slide_,_to.svg"
card_2624,smile,"smile_,_to.svg"
card_2655,sort,"sort_,_to.svg"
card_2672,spell,"spell_,_to.svg"
card_2678,spill,"spill_,_to.svg"
card_2684,spray,"spray_,_to.svg"
card_2689,squeeze,"squeeze_,_to.svg"
card_2695,stamp,"stamp_,_to.svg"
card_0212,stand,"stand_,_to.svg"
card_0843,to stand,"stand_,_to.svg"
card_2701,steal,"steal_,_to.svg"
card_2710,stir,"stir_,_to.svg"
card_2722,stretch,"stretch_,_to.svg"
card_0844,to study,"study_,_to.svg"
card_2727,study,"study_,_to.svg"
card_0216,take,"take_,_to.svg"
card_0846,to take,"take_,_to.svg"
card_0217,talk,"talk_1_,_to.svg"
card_0847,to talk,"talk_1_,_to.svg"
card_2778,tear,"tear_,_to.svg"
card_0225,think,"think_,_to.svg"
card_0848,to think,"think_,_to.svg"
card_2840,touch,"touch_,_to.svg"
card_0240,turn,"turn_,_to.svg"
card_2877,type,"type_,_to.svg"
card_2919,visit,"visit_,_to.svg"
card_2926,vote,"vote_,_to.svg"
card_0245,wait,"wait_,_to.svg"
card_0850,to wait,"wait_,_to.svg"
card_0851,to wake up,"wake_up_,_to.svg"
card_0246,walk,"walk_,_to.svg"
card_0247,want,"want_,_to.svg"
card_0539,i want,"want_,_to.svg"
card_0250,watch,"watch_,_to.svg"
card_0852,to watch,"watch_,_to.svg"
card_2952,weigh,"weigh_person_,_to.svg"
card_2975,whisper,"whisper_,_to.svg"
card_3015,wrestle,"wrestle_,_to.svg"
card_3017,write,"write_,_to.svg"
card_3021,yawn,"yawn_,_to.svg"
card_3039,zoom,"zoom_,_to.svg"
